{
  "title": "Journey to Stormwreck Isle",
  "id": "my-first-world",
  "system": "dnd5e",
  "joinTheme": "default",
  "description": "<p>For more info on setting up Worlds, check out the <a href=\"https://foundryvtt.com/article/game-worlds/\" target=\"_blank\">World</a> documentation.</p>",
  "coreVersion": "12.331",
  "compatibility": {
    "minimum": "12",
    "verified": "12"
  },
  "systemVersion": "4.3.9",
  "lastPlayed": "Fri Apr 18 2025 10:05:47 GMT-0400 (Eastern Daylight Time)",
  "playtime": 357529,
  "background": "K%20-%20Story%20Images/DoSI%20-%20Story%20Images/00-004.underwater-scene.png",
  "packs": [
    {
      "type": "Item",
      "label": "DDB Backgrounds",
      "name": "ddb-my-first-world-ddb-backgrounds",
      "flags": {
        "ddbimporter": {
          "schema": 1
        }
      },
      "path": "packs/ddb-my-first-world-ddb-backgrounds",
      "system": "dnd5e",
      "ownership": {
        "PLAYER": "OBSERVER",
        "ASSISTANT": "OWNER"
      }
    },
    {
      "type": "Item",
      "label": "DDB Classes",
      "name": "ddb-my-first-world-ddb-classes",
      "flags": {
        "ddbimporter": {
          "schema": 1
        }
      },
      "path": "packs/ddb-my-first-world-ddb-classes",
      "system": "dnd5e",
      "ownership": {
        "PLAYER": "OBSERVER",
        "ASSISTANT": "OWNER"
      }
    },
    {
      "type": "Item",
      "label": "DDB Feats",
      "name": "ddb-my-first-world-ddb-feats",
      "flags": {
        "ddbimporter": {
          "schema": 1
        }
      },
      "path": "packs/ddb-my-first-world-ddb-feats",
      "system": "dnd5e",
      "ownership": {
        "PLAYER": "OBSERVER",
        "ASSISTANT": "OWNER"
      }
    },
    {
      "type": "Item",
      "label": "DDB Items",
      "name": "ddb-my-first-world-ddb-items",
      "flags": {
        "ddbimporter": {
          "schema": 1
        }
      },
      "path": "packs/ddb-my-first-world-ddb-items",
      "system": "dnd5e",
      "ownership": {
        "PLAYER": "OBSERVER",
        "ASSISTANT": "OWNER"
      }
    },
    {
      "type": "Actor",
      "label": "DDB Monsters",
      "name": "ddb-my-first-world-ddb-monsters",
      "flags": {
        "ddbimporter": {
          "schema": 1
        }
      },
      "path": "packs/ddb-my-first-world-ddb-monsters",
      "system": "dnd5e",
      "ownership": {
        "PLAYER": "OBSERVER",
        "ASSISTANT": "OWNER"
      }
    },
    {
      "type": "Actor",
      "label": "DDB Vehicles",
      "name": "ddb-my-first-world-ddb-vehicles",
      "flags": {
        "ddbimporter": {
          "schema": 1
        }
      },
      "path": "packs/ddb-my-first-world-ddb-vehicles",
      "system": "dnd5e",
      "ownership": {
        "PLAYER": "OBSERVER",
        "ASSISTANT": "OWNER"
      }
    },
    {
      "type": "Item",
      "label": "DDB Species",
      "name": "ddb-my-first-world-ddb-species",
      "flags": {
        "ddbimporter": {
          "schema": 1
        }
      },
      "path": "packs/ddb-my-first-world-ddb-species",
      "system": "dnd5e",
      "ownership": {
        "PLAYER": "OBSERVER",
        "ASSISTANT": "OWNER"
      }
    },
    {
      "type": "Item",
      "label": "DDB Spells",
      "name": "ddb-my-first-world-ddb-spells",
      "flags": {
        "ddbimporter": {
          "schema": 1
        }
      },
      "path": "packs/ddb-my-first-world-ddb-spells",
      "system": "dnd5e",
      "ownership": {
        "PLAYER": "OBSERVER",
        "ASSISTANT": "OWNER"
      }
    },
    {
      "type": "RollTable",
      "label": "DDB Tables",
      "name": "ddb-my-first-world-ddb-tables",
      "flags": {
        "ddbimporter": {
          "schema": 1
        }
      },
      "path": "packs/ddb-my-first-world-ddb-tables",
      "system": "dnd5e",
      "ownership": {
        "PLAYER": "OBSERVER",
        "ASSISTANT": "OWNER"
      }
    },
    {
      "type": "Item",
      "label": "DDB Override",
      "name": "ddb-my-first-world-ddb-override",
      "flags": {
        "ddbimporter": {
          "schema": 1
        }
      },
      "path": "packs/ddb-my-first-world-ddb-override",
      "system": "dnd5e",
      "ownership": {
        "PLAYER": "OBSERVER",
        "ASSISTANT": "OWNER"
      }
    },
    {
      "type": "JournalEntry",
      "label": "DDB Journals",
      "name": "ddb-my-first-world-ddb-journals",
      "flags": {
        "ddbimporter": {
          "schema": 1
        }
      },
      "path": "packs/ddb-my-first-world-ddb-journals",
      "system": "dnd5e",
      "ownership": {
        "PLAYER": "OBSERVER",
        "ASSISTANT": "OWNER"
      }
    },
    {
      "type": "Actor",
      "label": "DDB Summons",
      "name": "ddb-my-first-world-ddb-summons",
      "flags": {
        "ddbimporter": {
          "schema": 1
        }
      },
      "path": "packs/ddb-my-first-world-ddb-summons",
      "system": "dnd5e",
      "ownership": {
        "PLAYER": "OBSERVER",
        "ASSISTANT": "OWNER"
      }
    },
    {
      "type": "Adventure",
      "label": "DDB Adventures",
      "name": "ddb-my-first-world-ddb-adventures",
      "flags": {
        "ddbimporter": {
          "schema": 1
        }
      },
      "path": "packs/ddb-my-first-world-ddb-adventures",
      "system": "dnd5e",
      "ownership": {
        "PLAYER": "OBSERVER",
        "ASSISTANT": "OWNER"
      }
    }
  ],
  "nextSession": "2025-05-07T23:30:01.000Z"
}